number,state,value,datetime_start,datetime_complete,duration_s,params_data.batch_size,params_model.dim,params_model.heads,params_model.masking.block_scale,params_model.masking.disk_scale,params_model.masking.level_allocation,params_model.masking.spatial_pattern,params_model.masking_ratio,params_model.num_layers,params_optim.gradient_clip_val,params_optim.lr,params_optim.warmup_epochs,user_attrs_device_hours,user_attrs_dstream/delta_r2,user_attrs_dstream/delta_r2@0.5,user_attrs_dstream/delta_r2@0.75,user_attrs_dstream/n_rows,user_attrs_dstream/r2,user_attrs_dstream/r2_baseline,user_attrs_dstream/self_check_ratio,user_attrs_epochs_completed,user_attrs_global_step,user_attrs_params_total,user_attrs_params_trainable,user_attrs_samples_per_sec,user_attrs_samples_seen,user_attrs_sec_per_epoch,user_attrs_steps_per_sec,user_attrs_sys/dataloader_wait_s,user_attrs_sys/samples_per_sec_step,user_attrs_torch_mem_peak_alloc_gb,user_attrs_torch_mem_peak_reserved_gb,user_attrs_train/batch_size,user_attrs_train/grad_clip_frac,user_attrs_train/grad_clip_frac_epoch,user_attrs_train/grad_clip_frac_step,user_attrs_train/grad_norm,user_attrs_train/grad_norm_decoder,user_attrs_train/grad_norm_encoder,user_attrs_train/input_mean,user_attrs_train/learning_rate,user_attrs_train/loss,user_attrs_train/loss_epoch,user_attrs_train/loss_step,user_attrs_train/weight_norm,user_attrs_trial_dir,user_attrs_val/loss,user_attrs_val/loss_level_1,user_attrs_val/loss_level_16,user_attrs_val/loss_level_8,user_attrs_val/target_var_level_1,user_attrs_val/target_var_level_16,user_attrs_val/target_var_level_8,user_attrs_wall_time_h,user_attrs_wall_time_s,user_attrs_world_size
0,COMPLETE,0.21789764142153575,2026-09-13 19:28:27.723738,2026-09-13 20:10:27.968370,2520.244632,16,512,2,2.280962938959233,0.8488473674763856,uniform,isotropic_disk,0.7309412945246689,12,0.1716809293081549,0.0004933134661531962,6,0.6986,0.21789764142153575,0.20822978449062712,0.22756549835244433,768.0,0.8611574877783369,0.6432598463568012,1.0278141192805093,30.0,18750.0,27658836.0,27658836.0,119.284,300000.0,83.83,7.4553,0.0013676569797098637,146.31040954589844,8.282,9.057,16.0,0.0,0.0,0.0,0.0028369806241244078,0.001005279365926981,0.002524246694520116,0.5349574685096741,2.1101825495861704e-06,0.002308112569153309,0.002308112569153309,0.002378117758780718,217.94204711914062,/scratch/robertson/embl_MuV3D/MuV3D_runs/3D_data/v4_tune_deepz_2026-09-13_192725/trials/trial_0000,0.0021822743583470583,0.004584957379847765,0.0005911764455959201,0.0013706897152587771,0.029197249561548233,0.011517882347106934,0.012816101312637329,0.6986,2515.0,1.0
1,COMPLETE,0.20203242201323754,2026-09-13 19:28:27.884987,2026-09-13 21:52:59.062817,8671.17783,8,384,4,1.0303275961604885,0.9165239691095876,uniform,anisotropic_block,0.8438226692851749,15,0.8830109334221372,0.00036000911929116066,10,2.407,0.20203242201323754,0.18591316280198097,0.21815168122449405,768.0,0.8452922683700388,0.6432598463568012,1.0403422183805615,30.0,37500.0,19942602.0,19942602.0,34.622,300000.0,288.84,4.3277,0.0010379226878285408,40.39467239379883,2.91,3.053,8.0,0.0,0.0,0.0,0.005931676831096411,0.0024359470698982477,0.005156121216714382,0.5378206372261047,2.216154825873673e-06,0.004773247987031937,0.004773247987031937,0.0056462278589606285,208.66690063476562,/scratch/robertson/embl_MuV3D/MuV3D_runs/3D_data/v4_tune_deepz_2026-09-13_192725/trials/trial_0001,0.004560726694762707,0.01126171462237835,0.0007792840478941798,0.0016411826945841312,0.029001304879784584,0.011413735337555408,0.012696273624897003,2.407,8665.1,1.0
2,COMPLETE,0.06382502576719404,2026-09-13 19:28:27.886867,2026-09-13 20:27:06.629142,3518.742275,8,384,8,1.6259572035506904,0.8617379656891503,redundancy,anisotropic_block,0.7474504706192139,9,0.2782913401763909,1.9088591198098547e-05,9,0.9706,0.06382502576719404,-0.011985890721820555,0.13963594225620862,768.0,0.7070848721239953,0.6432598463568012,1.0344707306340706,30.0,37500.0,12848037.0,12848037.0,85.856,300000.0,116.47,10.732,0.000991974025964737,112.6508560180664,2.633,2.873,8.0,0.0,0.0,0.0,0.021894654259085655,0.013701298274099827,0.016635427251458168,0.5378206372261047,1.0660189531108699e-07,0.006075985264033079,0.006075985264033079,0.007230978459119797,151.9777069091797,/scratch/robertson/embl_MuV3D/MuV3D_runs/3D_data/v4_tune_deepz_2026-09-13_192725/trials/trial_0002,0.005741515662521124,0.014441380277276039,0.0009604394435882568,0.0018227288965135813,0.029001304879784584,0.011413735337555408,0.012696273624897003,0.9706,3494.2,1.0
3,COMPLETE,0.1135208023933728,2026-09-13 19:28:39.272655,2026-09-13 23:43:04.603681,15265.331026,8,512,8,1.0134791465013324,0.8273142565287259,uniform,anisotropic_block,0.7230070016051855,6,0.9609876709428123,1.225519189288573e-05,5,4.2376,0.1135208023933728,0.05644714861856892,0.17059445616817667,768.0,0.756780648750174,0.6432598463568012,1.0506498375176254,30.0,37500.0,15052941.0,15052941.0,19.665,300000.0,508.52,2.4581,0.002095523290336132,24.192319869995117,2.642,2.846,8.0,0.0,0.0,0.0,0.021747784689068794,0.012452647089958191,0.017681926488876343,0.5378206372261047,4.831792566051263e-08,0.005203123204410076,0.005203123204410076,0.006175007205456495,150.84925842285156,/scratch/robertson/embl_MuV3D/MuV3D_runs/3D_data/v4_tune_deepz_2026-09-13_192725/trials/trial_0003,0.004983474500477314,0.01241956278681755,0.0008321437053382397,0.0016987196868285537,0.029001304879784584,0.011413735337555408,0.012696274556219578,4.2376,15255.5,1.0
4,COMPLETE,0.18443177562201338,2026-09-13 19:34:16.353573,2026-09-13 20:31:02.566245,3406.212672,16,768,8,1.621352528621577,0.8092159865467295,redundancy,anisotropic_disk,0.7304560852679578,11,0.6218540291705905,0.0001809571792008261,6,0.9374,0.18443177562201338,0.16219318877252614,0.2066703624715006,768.0,0.8276916219788147,0.6432598463568012,1.05815850100853,30.0,18750.0,54895581.0,54895581.0,88.903,300000.0,112.48,5.5564,0.0013637220254167914,116.95488739013672,9.816,10.223,16.0,0.0,0.0,0.0,0.005352681502699852,0.0029984430875629187,0.004309669602662325,0.5349574685096741,7.740569003544806e-07,0.003321712836623192,0.003321712836623192,0.0034935527946799994,227.83428955078125,/scratch/robertson/embl_MuV3D/MuV3D_runs/3D_data/v4_tune_deepz_2026-09-13_192725/trials/trial_0004,0.00334391207434237,0.008025011047720909,0.0006730622844770551,0.0013336633564904332,0.029197249561548233,0.011517882347106934,0.012816101312637329,0.9374,3374.5,1.0
5,COMPLETE,0.22192082736084848,2026-09-13 19:34:16.358418,2026-09-13 20:25:11.312657,3054.954239,16,256,4,2.2297872953827618,0.8326401869632362,redundancy,isotropic_disk,0.7370193343764659,10,0.8413834893134692,0.0005656337442019726,1,0.8406,0.22192082736084848,0.21174885880839214,0.23209279591330478,768.0,0.8651806737176497,0.6432598463568012,1.0345182471983179,30.0,18750.0,7226426.0,7226426.0,99.139,300000.0,100.87,6.1962,0.0013377920258790255,233.96078491210938,4.33,4.809,16.0,0.0,0.0,0.0,0.003691861405968666,0.0013766661286354065,0.003316419431939721,0.5349574685096741,1.6578845816184185e-06,0.00278906780295074,0.00278906780295074,0.0029800746124237776,144.4073028564453,/scratch/robertson/embl_MuV3D/MuV3D_runs/3D_data/v4_tune_deepz_2026-09-13_192725/trials/trial_0005,0.002688555745407939,0.005981861613690853,0.0006772687775082886,0.0014065357390791178,0.029197249561548233,0.011517882347106934,0.012816101312637329,0.8406,3026.0,1.0
6,COMPLETE,0.21373925839201272,2026-09-13 19:34:16.471466,2026-09-13 20:29:42.173528,3325.702062,8,384,2,1.3200780303698734,0.8404247923635366,redundancy,isotropic_disk,0.7256346266173181,6,0.12240930479531321,0.0007284706174508084,7,0.9158,0.21373925839201272,0.204289906643262,0.2231886101407635,768.0,0.856999104748814,0.6432598463568012,1.0492761617465383,30.0,37500.0,9301524.0,9301524.0,90.992,300000.0,109.9,11.374,0.0009639339987188578,197.7921142578125,2.49,2.773,8.0,0.0,0.0,0.0,0.0028597565833479166,0.0017504796851426363,0.0020520451944321394,0.5378206372261047,3.392507323951577e-06,0.0028684164863079786,0.0028684164863079786,0.0033541906159371138,192.1540069580078,/scratch/robertson/embl_MuV3D/MuV3D_runs/3D_data/v4_tune_deepz_2026-09-13_192725/trials/trial_0006,0.0027749817818403244,0.006250147707760334,0.000669137283693999,0.001405657734721899,0.029001304879784584,0.011413735337555408,0.012696273624897003,0.9158,3297.0,1.0
7,COMPLETE,0.15372936163815412,2026-09-13 19:38:36.017168,2026-09-13 20:36:17.458255,3461.441087,8,384,4,1.0359728235657482,0.8617708175981764,redundancy,anisotropic_disk,0.6887494245611411,8,0.4735910773090627,3.2999312639278114e-05,3,0.9529,0.15372936163815412,0.1417658463449832,0.16569287693132503,768.0,0.7969892079949554,0.6432598463568012,1.0481182670386198,30.0,37500.0,11665914.0,11665914.0,87.452,300000.0,114.35,10.9315,0.0009971349500119686,148.8582305908203,2.812,3.084,8.0,0.0,0.0,0.0,0.016933929175138474,0.007971729151904583,0.014820180833339691,0.5378206372261047,1.1156477341955906e-07,0.0036921619903296232,0.0036921619903296232,0.004440370015799999,147.80572509765625,/scratch/robertson/embl_MuV3D/MuV3D_runs/3D_data/v4_tune_deepz_2026-09-13_192725/trials/trial_0007,0.0036204715725034475,0.008718911558389664,0.0007133616018109024,0.001429141266271472,0.029001304879784584,0.011413735337555408,0.012696273624897003,0.9529,3430.5,1.0
8,COMPLETE,0.2185045611902365,2026-09-13 20:10:27.976092,2026-09-13 20:35:27.213275,1499.237183,32,384,8,2.4468266201338826,0.8500016722340433,uniform,iid,0.7888691432865356,8,0.40745228740399875,0.0006012292872324014,6,0.4153,0.2185045611902365,0.20522946988011903,0.231779652500354,768.0,0.8617644075470378,0.6432598463568012,1.0363080754474523,30.0,9360.0,11665677.0,11665677.0,200.316,299520.0,49.84,6.2599,0.002444515936076641,314.4000244140625,8.401,8.926,32.0,0.0,0.0,0.0,0.0031779820565134287,0.0012931524543091655,0.0027421419508755207,0.5419158935546875,2.5717999960761517e-06,0.0034765233285725117,0.0034765233285725117,0.0031953915022313595,154.19082641601562,/scratch/robertson/embl_MuV3D/MuV3D_runs/3D_data/v4_tune_deepz_2026-09-13_192725/trials/trial_0008,0.0032932653557509184,0.007622124161571264,0.000717944756615907,0.0015397275565192103,0.029257824644446373,0.011561979539692402,0.01286841556429863,0.4153,1495.2,1.0
9,COMPLETE,0.15657103761493496,2026-09-13 20:25:11.321942,2026-09-13 21:26:29.943142,3678.6212,16,768,8,2.1197660757774774,0.8948141134823376,redundancy,iid,0.723454389452142,16,0.9904418634520021,6.489565080664834e-05,5,1.0134,0.15657103761493496,0.12029517713879112,0.1928468980910788,768.0,0.7998308839717363,0.6432598463568012,1.058055091066099,30.0,18750.0,78515661.0,78515661.0,82.232,300000.0,121.61,5.1395,0.001427061972208321,99.11451721191406,13.105,13.562,16.0,0.0,0.0,0.0,0.010904313996434212,0.004299645312130451,0.009863280691206455,0.5349574685096741,2.5586078322703543e-07,0.003883684054017067,0.003883684054017067,0.004203973803669214,256.1828308105469,/scratch/robertson/embl_MuV3D/MuV3D_runs/3D_data/v4_tune_deepz_2026-09-13_192725/trials/trial_0009,0.0037991090212017298,0.00917478371411562,0.0007555031916126609,0.001467040739953518,0.029197249561548233,0.011517882347106934,0.012816101312637329,1.0134,3648.2,1.0
10,COMPLETE,0.019005549023697665,2026-09-13 20:27:06.637644,2026-09-13 20:59:58.893181,1972.255537,16,384,4,2.483291633359742,0.8996331308759679,uniform,anisotropic_block,0.8428412201255853,10,0.8103513956063396,3.638211850540796e-05,2,0.5467,0.019005549023697665,-0.09979042802403698,0.1378015260714323,768.0,0.662265395380499,0.6432598463568012,1.0320175286428541,30.0,18750.0,14030682.0,14030682.0,152.42,300000.0,65.61,9.5262,0.0013518109917640686,217.28546142578125,4.434,4.861,16.0,0.0,0.0,0.0,0.013113156892359257,0.008226913399994373,0.009808079339563847,0.5349574685096741,1.1438156377607811e-07,0.006493966095149517,0.006493966095149517,0.006652835290879011,157.683349609375,/scratch/robertson/embl_MuV3D/MuV3D_runs/3D_data/v4_tune_deepz_2026-09-13_192725/trials/trial_0010,0.005991174373775721,0.014988989569246769,0.0010121682425960898,0.001972359837964177,0.029197249561548233,0.011517882347106934,0.012816101312637329,0.5467,1968.3,1.0
11,COMPLETE,0.16785758578390808,2026-09-13 20:29:42.182508,2026-09-13 21:18:44.155829,2941.973321,32,256,2,1.6792643988196005,0.8205956731888789,redundancy,iid,0.7433053971954601,11,0.43331597468923166,0.00020644241247017082,5,0.8095,0.16785758578390808,0.15034191296489136,0.18537325860292478,768.0,0.8111174321407093,0.6432598463568012,1.0602839075215322,30.0,9360.0,7752980.0,7752980.0,102.784,299520.0,97.14,3.212,0.002472765976563096,294.5329284667969,9.533,10.521,32.0,0.0,0.0,0.0,0.006289381999522448,0.0026457151398062706,0.005454969592392445,0.5419158935546875,8.139300575749076e-07,0.004382184706628323,0.004382184706628323,0.003893813118338585,139.7375946044922,/scratch/robertson/embl_MuV3D/MuV3D_runs/3D_data/v4_tune_deepz_2026-09-13_192725/trials/trial_0011,0.004287241492420435,0.010593357495963573,0.0007896240567788482,0.0014787422260269523,0.029257824644446373,0.011561979539692402,0.01286841556429863,0.8095,2914.1,1.0
12,COMPLETE,-0.13042881180037708,2026-09-13 20:31:02.577106,2026-09-13 21:23:07.387777,3124.810671,16,768,2,1.3886463946166585,0.910499377052574,dirichlet,isotropic_disk,0.7989734144015148,8,0.930474652551103,0.000550764797186746,1,0.8664,-0.13042881180037708,-0.17248090280148407,-0.0883767207992701,768.0,0.5128310345564242,0.6432598463568012,1.0057895658446323,30.0,18750.0,40724820.0,40724820.0,96.18,300000.0,103.97,6.0112,0.0013442429481074214,152.61111450195312,7.431,7.863,16.0,0.0,0.0,0.0,0.005820837337523699,0.003632850479334593,8.265984092759027e-07,0.5349574685096741,1.6143034144988633e-06,0.012810367159545422,0.012810367159545422,0.010095242410898209,188.12181091308594,/scratch/robertson/embl_MuV3D/MuV3D_runs/3D_data/v4_tune_deepz_2026-09-13_192725/trials/trial_0012,0.009265102446079254,0.02072429098188877,0.0028484950307756662,0.0042225210927426815,0.029197249561548233,0.011517882347106934,0.012816101312637329,0.8664,3119.2,1.0
13,COMPLETE,0.16282193837651524,2026-09-13 20:35:27.221919,2026-09-13 21:01:14.134676,1546.912757,16,384,4,1.4395348477291596,0.8548133750600728,uniform,iid,0.7220201306295501,6,0.14111106872086004,5.1671201740414576e-05,10,0.4288,0.16282193837651524,0.1359716836373404,0.18967219311569009,768.0,0.8060817847333165,0.6432598463568012,1.0312484082510347,30.0,18750.0,9301146.0,9301146.0,194.329,300000.0,51.46,12.1456,0.0013335379771888256,301.9540100097656,4.446,4.863,16.0,0.0,0.0,0.0,0.010767368599772453,0.0065374188125133514,0.008346004411578178,0.5349574685096741,3.1807911682335543e-07,0.0041011325083673,0.0041011325083673,0.004320007748901844,134.8355712890625,/scratch/robertson/embl_MuV3D/MuV3D_runs/3D_data/v4_tune_deepz_2026-09-13_192725/trials/trial_0013,0.003933385014533997,0.009512914344668388,0.0007464921800419688,0.0015407444443553686,0.029197249561548233,0.011517882347106934,0.012816101312637329,0.4288,1543.8,1.0
14,COMPLETE,0.13551545106568827,2026-09-13 20:36:17.467366,2026-09-13 21:33:24.313451,3426.846085,8,384,8,1.609779874564373,0.8437880497398338,dirichlet,iid,0.8334817984515277,13,0.36261349680288935,3.4551838134787025e-05,5,0.9503,0.13551545106568827,0.09176065143103979,0.17927025070033675,768.0,0.7787752974224896,0.6432598463568012,0.9952404306359126,30.0,37500.0,17577477.0,17577477.0,87.689,300000.0,114.04,10.9611,0.0010253649670630693,173.3359375,2.658,2.854,8.0,0.0007999999797903001,0.0007999999797903001,0.0,0.011573986150324345,0.005461622960865498,0.010009334422647953,0.5378206372261047,1.3622577910155087e-07,0.0055441358126699924,0.0055441358126699924,0.005105269141495228,172.92115783691406,/scratch/robertson/embl_MuV3D/MuV3D_runs/3D_data/v4_tune_deepz_2026-09-13_192725/trials/trial_0014,0.005168247036635876,0.012840544804930687,0.0009180006454698741,0.0017461945535615087,0.029001304879784584,0.011413735337555408,0.012696273624897003,0.9503,3421.2,1.0
15,COMPLETE,0.16270214132304536,2026-09-13 20:59:58.901377,2026-09-13 21:37:07.249484,2228.348107,16,768,8,1.0749301884191307,0.8571792811831023,redundancy,anisotropic_disk,0.7775999929336422,6,0.5634002008524778,0.00021261274296063886,10,0.6124,0.16270214132304536,0.12505365909300592,0.20035062355308483,768.0,0.8059619876798466,0.6432598463568012,1.0575708708543266,30.0,18750.0,31275501.0,31275501.0,136.075,300000.0,73.49,8.5047,0.001309302169829607,172.02734375,6.108,6.59,16.0,0.0,0.0,0.0,0.005599278025329113,0.0032344774808734655,0.004423652775585651,0.5349574685096741,1.3088077821521438e-06,0.003580567194148898,0.003580567194148898,0.003879732917994261,184.91343688964844,/scratch/robertson/embl_MuV3D/MuV3D_runs/3D_data/v4_tune_deepz_2026-09-13_192725/trials/trial_0015,0.003522514831274748,0.008442572318017483,0.0007273798109963536,0.0013975916663184762,0.029197249561548233,0.011517882347106934,0.012816101312637329,0.6124,2204.7,1.0
16,COMPLETE,0.13342969867123525,2026-09-13 21:01:14.143367,2026-09-13 21:42:12.620458,2458.477091,8,512,8,2.4593660348122373,0.7725552430476142,uniform,isotropic_disk,0.7790564310499359,8,0.13761793883377907,4.231721294207225e-05,8,0.6817,0.13342969867123525,0.06400187459207769,0.2028575227503928,768.0,0.7766895450280366,0.6432598463568012,1.0303688518213503,30.0,37500.0,19254477.0,19254477.0,122.239,300000.0,81.81,15.2799,0.0010190190514549613,168.8584442138672,2.86,3.021,8.0,0.0,0.0,0.0,0.011950508691370487,0.006559987086802721,0.009848373010754585,0.5378206372261047,2.1536411054512428e-07,0.003569051856175065,0.003569051856175065,0.004135044291615486,165.7708282470703,/scratch/robertson/embl_MuV3D/MuV3D_runs/3D_data/v4_tune_deepz_2026-09-13_192725/trials/trial_0016,0.003426829120144248,0.00812613032758236,0.0006707982392981648,0.0014835594920441508,0.029001304879784584,0.011413735337555408,0.012696273624897003,0.6817,2454.2,1.0
17,COMPLETE,0.14759280076461004,2026-09-13 21:18:44.165750,2026-09-13 22:10:48.198381,3124.032631,16,256,4,2.054411287036102,0.7509618810503849,dirichlet,isotropic_disk,0.8040268506701757,16,0.9882861821430652,0.0001227895387096647,1,0.866,0.14759280076461004,0.12581622129229747,0.16936938023692263,768.0,0.7908526471214113,0.6432598463568012,1.00285263596325,30.0,18750.0,10383098.0,10383098.0,96.224,300000.0,103.92,6.014,0.0014254410052672029,227.13461303710938,4.753,5.303,16.0,0.0,0.0,0.0,0.005789340939372778,0.0032210920471698046,0.004494488704949617,0.5349574685096741,3.5989876323583303e-07,0.006747168954461813,0.006747168954461813,0.007589627057313919,158.63491821289062,/scratch/robertson/embl_MuV3D/MuV3D_runs/3D_data/v4_tune_deepz_2026-09-13_192725/trials/trial_0017,0.0056912340223789215,0.013430139049887657,0.0014438031939789653,0.0021997594740241766,0.029197249561548233,0.011517882347106934,0.012816101312637329,0.866,3117.7,1.0
18,COMPLETE,0.13738641482241817,2026-09-13 21:23:07.398006,2026-09-13 22:16:03.815815,3176.417809,32,256,8,2.0719109367844273,0.7631505751934509,dirichlet,iid,0.7870049822260018,16,0.6873338048776394,0.00020010214586313571,4,0.8808,0.13738641482241817,0.1085143036163893,0.16625852602844704,768.0,0.7806462611792194,0.6432598463568012,1.0229309688787207,30.0,9360.0,10382797.0,10382797.0,94.457,299520.0,105.7,2.9518,0.002506016055122018,275.18463134765625,9.224,9.99,32.0,0.0,0.0,0.0,0.037625398486852646,0.0034368536435067654,0.03730226680636406,0.5419158935546875,7.294849524441815e-07,0.00556372432038188,0.00556372432038188,0.005394745618104935,158.56080627441406,/scratch/robertson/embl_MuV3D/MuV3D_runs/3D_data/v4_tune_deepz_2026-09-13_192725/trials/trial_0018,0.005202234257012606,0.012837782502174377,0.0009203229565173388,0.001848595216870308,0.029257824644446373,0.011561979539692402,0.01286841556429863,0.8808,3171.0,1.0
19,COMPLETE,0.1310053111769091,2026-09-13 21:26:29.953044,2026-09-13 22:19:23.303037,3173.349993,32,256,8,2.0825141042748454,0.7576522678381116,dirichlet,isotropic_disk,0.7825173902568393,15,0.6887500678284617,0.0002493382972690407,3,0.8799,0.1310053111769091,0.11163126689647034,0.1503793554573479,768.0,0.7742651575337104,0.6432598463568012,0.9767728044209069,30.0,9360.0,9856701.0,9856701.0,94.555,299520.0,105.59,2.9549,0.002530195051804185,272.8751220703125,9.04,9.838,32.0,0.0,0.0,0.0,0.04740718752145767,0.005423960275948048,0.04683557152748108,0.5419158935546875,8.429681770394382e-07,0.006922208238393068,0.006922208238393068,0.004813752137124538,155.6481170654297,/scratch/robertson/embl_MuV3D/MuV3D_runs/3D_data/v4_tune_deepz_2026-09-13_192725/trials/trial_0019,0.0057345484383404255,0.013444965705275536,0.0014776590978726745,0.002281022956594825,0.029257824644446373,0.011561979539692402,0.01286841556429863,0.8799,3167.7,1.0
20,COMPLETE,0.18491871043220134,2026-09-13 21:33:24.322744,2026-09-13 22:26:25.831965,3181.509221,32,256,4,2.0589387811321025,0.7595583420584734,uniform,isotropic_disk,0.7747778033662309,8,0.6611281224932039,0.0002559957379563083,3,0.8825,0.18491871043220134,0.16013720616279783,0.2097002147016049,768.0,0.8281785567890027,0.6432598463568012,1.024171883914491,30.0,9360.0,6174202.0,6174202.0,94.275,299520.0,105.9,2.9461,0.0023980760015547276,272.1979675292969,7.321,7.998,32.0,0.0,0.0,0.0,0.006139495875686407,0.0024142744950950146,0.005495709832757711,0.5419158935546875,8.65475783484726e-07,0.0033689148258417845,0.0033689148258417845,0.00310431607067585,125.9466781616211,/scratch/robertson/embl_MuV3D/MuV3D_runs/3D_data/v4_tune_deepz_2026-09-13_192725/trials/trial_0020,0.0032178463879972696,0.0074803996831178665,0.0007009180262684822,0.0014722209889441729,0.029257824644446373,0.011561979539692402,0.01286841556429863,0.8825,3177.1,1.0
21,COMPLETE,0.18832446020070082,2026-09-13 21:37:07.258160,2026-09-13 22:08:52.829458,1905.571298,32,256,4,2.03839505044634,0.7565599669056973,uniform,isotropic_disk,0.7878248613602432,14,0.738728058804546,0.0003218360649771902,3,0.528,0.18832446020070082,0.16372256944664093,0.21292635095476073,768.0,0.831584306557502,0.6432598463568012,1.0332152226773603,30.0,9360.0,9330874.0,9330874.0,157.569,299520.0,63.36,4.924,0.002464073710143566,241.5525360107422,9.01,9.746,32.0,0.0,0.0,0.0,0.00324810016900301,0.001518564997240901,0.002669058507308364,0.5419158935546875,1.0880701211135602e-06,0.0034219766966998577,0.0034219766966998577,0.0031469694804400206,151.2092742919922,/scratch/robertson/embl_MuV3D/MuV3D_runs/3D_data/v4_tune_deepz_2026-09-13_192725/trials/trial_0021,0.0032593226060271263,0.007580902427434921,0.0006809766637161374,0.001516088261269033,0.029257824644446373,0.011561979539692402,0.01286841556429863,0.528,1900.9,1.0
22,COMPLETE,0.20957028838035277,2026-09-13 21:42:12.628660,2026-09-13 22:07:12.343040,1499.71438,32,256,4,2.0040804811793653,0.7709036159645478,uniform,iid,0.8143524595335572,14,0.7146418333071783,0.0009259742174165372,3,0.4154,0.20957028838035277,0.19768152970337216,0.22145904705733344,768.0,0.852830134737154,0.6432598463568012,1.0326314092423663,30.0,9360.0,9330874.0,9330874.0,200.306,299520.0,49.84,6.2595,0.0025436249561607838,318.7220153808594,8.506,9.383,32.0,0.0,0.0,0.0,0.0030955548863857985,0.001359284739010036,0.0025859239976853132,0.5419158935546875,3.1305532957048854e-06,0.003922418691217899,0.003922418691217899,0.003584856167435646,162.28570556640625,/scratch/robertson/embl_MuV3D/MuV3D_runs/3D_data/v4_tune_deepz_2026-09-13_192725/trials/trial_0022,0.00371858780272305,0.008754054084420204,0.0007768043433316052,0.001624905038625002,0.029257824644446373,0.011561979539692402,0.01286841556429863,0.4154,1495.3,1.0
23,COMPLETE,0.04332310049113075,2026-09-13 21:52:59.073081,2026-09-13 22:27:00.941054,2041.867973,32,256,4,2.0230817734687614,0.7906144182607785,dirichlet,isotropic_disk,0.8028607302736128,13,0.6926370816948697,0.000979689388889463,3,0.566,0.04332310049113075,-0.007519796143599646,0.09416599712586116,768.0,0.6865829468479321,0.6432598463568012,1.0186295402277445,30.0,9360.0,8804762.0,8804762.0,146.996,299520.0,67.92,4.5936,0.002482303883880377,314.096435546875,8.42,9.215,32.0,0.0,0.0,0.0,0.008270352147519588,0.0051765744574368,0.003381674876436591,0.5419158935546875,3.312154603918316e-06,0.00884066242724657,0.00884066242724657,0.00770741468295455,152.55999755859375,/scratch/robertson/embl_MuV3D/MuV3D_runs/3D_data/v4_tune_deepz_2026-09-13_192725/trials/trial_0023,0.0070017483085393906,0.01727512665092945,0.0013696172973141074,0.0023604982998222113,0.029257824644446373,0.011561979539692402,0.01286841556429863,0.566,2037.6,1.0
24,COMPLETE,0.11870036715823946,2026-09-13 22:07:12.351159,2026-09-13 22:33:06.582542,1554.231383,32,256,4,1.9756602341195602,0.8134150379312005,dirichlet,isotropic_disk,0.6833457657458238,10,0.7785747640569111,0.0003157194342132555,1,0.4307,0.11870036715823946,0.10045051435010498,0.13695021996637396,768.0,0.7619602135150408,0.6432598463568012,1.063871847987887,30.0,9360.0,7226426.0,7226426.0,193.185,299520.0,51.68,6.037,0.0024822759442031384,271.8910827636719,9.23,10.107,32.0,0.0,0.0,0.0,0.01958523690700531,0.0026567592285573483,0.019102318212389946,0.5419158935546875,9.25380447824864e-07,0.006574123166501522,0.006574123166501522,0.005264291074126959,135.90380859375,/scratch/robertson/embl_MuV3D/MuV3D_runs/3D_data/v4_tune_deepz_2026-09-13_192725/trials/trial_0024,0.00583108514547348,0.014273731037974358,0.001176489982753992,0.002043034415692091,0.029257824644446373,0.011561979539692402,0.01286841556429863,0.4307,1550.4,1.0
25,COMPLETE,0.16037018072716472,2026-09-13 22:08:52.837118,2026-09-13 22:41:41.833683,1968.996565,32,256,4,2.2604559804692514,0.8095985692143086,dirichlet,iid,0.6877648293641053,10,0.5787609396588966,0.00011208232438882413,1,0.5459,0.16037018072716472,0.14600527582860554,0.1747350856257239,768.0,0.8036300270839659,0.6432598463568012,0.9919870661840915,30.0,9360.0,7226426.0,7226426.0,152.423,299520.0,65.5,4.7632,0.0025219330564141273,295.2716979980469,9.137,9.842,32.0,0.0,0.0,0.0,0.020294534042477608,0.003639752045273781,0.019859779626131058,0.5419158935546875,3.285156822130375e-07,0.004761654417961836,0.004761654417961836,0.004994872026145458,134.54266357421875,/scratch/robertson/embl_MuV3D/MuV3D_runs/3D_data/v4_tune_deepz_2026-09-13_192725/trials/trial_0025,0.004426840227097273,0.01068446971476078,0.0008457388030365109,0.001750313793309033,0.029257824644446373,0.011561979539692402,0.01286841556429863,0.5459,1965.1,1.0
26,COMPLETE,0.1316855815414793,2026-09-13 22:10:48.207632,2026-09-13 23:02:19.792115,3091.584483,32,256,8,2.254915030420904,0.8047185334983545,dirichlet,iid,0.7607798932585181,9,0.6177436074996784,0.00010127711784960117,4,0.8575,0.1316855815414793,0.10041513757189648,0.1629560255110621,768.0,0.7749454278982806,0.6432598463568012,1.0201676200792111,30.0,9360.0,6700125.0,6700125.0,97.025,299520.0,102.9,3.032,0.0026106140576303005,338.8827819824219,7.503,8.195,32.0,0.0,0.0,0.0,0.018300669267773628,0.004675583448261023,0.017518019303679466,0.5419158935546875,3.6921210266882554e-07,0.005531496834009886,0.005531496834009886,0.0053435019217431545,130.3466339111328,/scratch/robertson/embl_MuV3D/MuV3D_runs/3D_data/v4_tune_deepz_2026-09-13_192725/trials/trial_0026,0.005200564861297607,0.012909644283354282,0.0008991117938421667,0.0017929391469806433,0.029257824644446373,0.011561979539692402,0.01286841556429863,0.8575,3087.0,1.0
27,COMPLETE,0.12512839156731473,2026-09-13 22:16:03.824826,2026-09-13 23:08:57.204221,3173.379395,32,512,8,2.2779869823336685,0.9476674353389245,redundancy,isotropic_disk,0.7600896442480094,9,0.25435470670419186,0.00010361334642594164,8,0.8725,0.12512839156731473,0.06014715241308338,0.19010963072154605,768.0,0.7683882379241159,0.6432598463568012,1.050866184579399,30.0,9360.0,21355245.0,21355245.0,95.357,299520.0,104.7,2.9799,0.002597734099254012,208.96595764160156,11.237,12.092,32.0,0.0,0.0,0.0,0.006117339711636305,0.004153891932219267,0.004207300953567028,0.5419158935546875,5.273172405395599e-07,0.003972419071942568,0.003972419071942568,0.0035832487046718597,171.8202667236328,/scratch/robertson/embl_MuV3D/MuV3D_runs/3D_data/v4_tune_deepz_2026-09-13_192725/trials/trial_0027,0.0038582640700042248,0.009335680864751339,0.0007647481979802251,0.0014743636129423976,0.029257824644446373,0.011561979539692402,0.01286841556429863,0.8725,3141.0,1.0
28,COMPLETE,0.2241152531477122,2026-09-13 22:19:23.312132,2026-09-13 23:14:11.693863,3288.381731,16,512,2,2.2838090564529265,0.8120674730238338,uniform,isotropic_disk,0.6838895544130857,12,0.27906599088532,0.0005019551933765312,7,0.912,0.2241152531477122,0.21894550010490443,0.22928500619051995,768.0,0.8673750995045135,0.6432598463568012,1.0391395280111075,30.0,18750.0,27658836.0,27658836.0,91.372,300000.0,109.44,5.7108,0.0013996820198372006,148.01795959472656,9.22,9.801,16.0,0.0,0.0,0.0,0.002646147273480892,0.0010543125681579113,0.0021563845220953226,0.5349574685096741,2.3376189801638247e-06,0.002769147977232933,0.002769147977232933,0.0028995086904615164,220.41815185546875,/scratch/robertson/embl_MuV3D/MuV3D_runs/3D_data/v4_tune_deepz_2026-09-13_192725/trials/trial_0028,0.002629585564136505,0.005828917492181063,0.0006243019015528262,0.0014355366583913565,0.029197249561548233,0.011517882347106934,0.012816101312637329,0.912,3283.3,1.0
29,COMPLETE,0.22287330522149026,2026-09-13 22:26:25.840846,2026-09-13 23:20:46.318211,3260.477365,16,512,2,2.2603121518672187,0.8038320675538226,uniform,isotropic_disk,0.7028267408162205,11,0.23138789342729002,0.0004894787005890329,7,0.9044,0.22287330522149026,0.2149077266089938,0.23083888383398676,768.0,0.8661331515782916,0.6432598463568012,1.0267857861898033,30.0,18750.0,25557972.0,25557972.0,92.142,300000.0,108.53,5.7589,0.0013639420503750443,163.46449279785156,8.303,9.102,16.0,0.0,0.0,0.0,0.002626270754262805,0.0010406381916254759,0.002292764838784933,0.5349574685096741,2.2795154563937103e-06,0.002872342010959983,0.002872342010959983,0.0030258563347160816,210.8502197265625,/scratch/robertson/embl_MuV3D/MuV3D_runs/3D_data/v4_tune_deepz_2026-09-13_192725/trials/trial_0029,0.0027248957194387913,0.006095274817198515,0.0006341871339827776,0.0014452252071350813,0.029197249561548233,0.011517882347106934,0.012816101312637329,0.9044,3255.8,1.0
30,COMPLETE,0.22121226609684116,2026-09-13 22:27:00.950025,2026-09-13 23:05:37.666367,2316.716342,16,512,2,2.2882080059816765,0.8851147570517934,uniform,isotropic_disk,0.6947401933144008,11,0.22975318596951533,0.000500088402083765,7,0.6422,0.22121226609684116,0.21437813339275993,0.22804639880092237,768.0,0.8644721124536424,0.6432598463568012,1.0243862046958954,30.0,18750.0,25557972.0,25557972.0,129.762,300000.0,77.06,8.1101,0.0013136309571564198,160.59991455078125,8.518,9.072,16.0,0.0,0.0,0.0,0.0036441071424633265,0.0015934976981952786,0.0030969379004091024,0.5349574685096741,2.3289251203095773e-06,0.002885364694520831,0.002885364694520831,0.0030233373399823904,213.25228881835938,/scratch/robertson/embl_MuV3D/MuV3D_runs/3D_data/v4_tune_deepz_2026-09-13_192725/trials/trial_0030,0.002741146134212613,0.006150706205517054,0.000648347195237875,0.0014243845362216234,0.029197249561548233,0.011517882347106934,0.012816101312637329,0.6422,2311.9,1.0
31,COMPLETE,0.2233920145839082,2026-09-13 22:33:06.590281,2026-09-13 23:12:22.527979,2355.937698,16,512,2,2.293084581017654,0.8820352229400649,uniform,isotropic_disk,0.7028064155583784,12,0.2460982679345646,0.0005092898881416746,7,0.6531,0.2233920145839082,0.21597489806065584,0.23080913110716053,768.0,0.8666518609407095,0.6432598463568012,1.024239877598548,30.0,18750.0,27658836.0,27658836.0,127.589,300000.0,78.38,7.9743,0.0015773579943925142,153.0054473876953,8.798,9.627,16.0,0.0,0.0,0.0,0.004977487958967686,0.0017543841386213899,0.004453246481716633,0.5349574685096741,2.371776645304635e-06,0.0028684167191386223,0.0028684167191386223,0.0029787300154566765,221.6072998046875,/scratch/robertson/embl_MuV3D/MuV3D_runs/3D_data/v4_tune_deepz_2026-09-13_192725/trials/trial_0031,0.0027241623029112816,0.006082896143198013,0.0006438660202547908,0.0014457253273576498,0.029197249561548233,0.011517882347106934,0.012816101312637329,0.6531,2351.3,1.0
32,COMPLETE,0.2092876029929396,2026-09-13 22:41:41.842333,2026-09-13 23:20:56.721863,2354.87953,16,512,2,2.31039690440801,0.8815356552629311,uniform,isotropic_disk,0.7050538503584295,11,0.2443063579648117,0.0005276281810643876,7,0.6527,0.2092876029929396,0.2027727903527017,0.2158024156331775,768.0,0.8525474493497409,0.6432598463568012,1.0346370581080067,30.0,18750.0,25557972.0,25557972.0,127.667,300000.0,78.33,7.9792,0.0014116708189249039,165.6072235107422,8.288,8.746,16.0,0.0,0.0,0.0,0.00421933876350522,0.001583850127644837,0.0037943630013614893,0.5349574685096741,2.457178652548464e-06,0.0032611435744911432,0.0032611435744911432,0.003474318888038397,217.75125122070312,/scratch/robertson/embl_MuV3D/MuV3D_runs/3D_data/v4_tune_deepz_2026-09-13_192725/trials/trial_0032,0.0031225900165736675,0.007271451875567436,0.0006447592168115079,0.0014515601797029376,0.029197249561548233,0.011517882347106934,0.012816101312637329,0.6527,2349.9,1.0
33,COMPLETE,0.2177253054095256,2026-09-13 23:02:19.800531,2026-09-13 23:56:29.915597,3250.115066,16,512,2,2.3106592432246162,0.9457567281791625,uniform,isotropic_disk,0.7068350179441182,12,0.3236096208905399,0.0005067997828133625,7,0.9013,0.2177253054095256,0.21234887921097848,0.22310173160807265,768.0,0.8609851517663268,0.6432598463568012,1.024775028062505,30.0,18750.0,27658836.0,27658836.0,92.458,300000.0,108.16,5.7786,0.00137549196369946,136.8993377685547,8.775,9.236,16.0,0.0,0.0,0.0,0.002338986610993743,0.0011935511138290167,0.001756673795171082,0.5349574685096741,2.360180360483355e-06,0.0020781478378921747,0.0020781478378921747,0.0021517244167625904,219.75987243652344,/scratch/robertson/embl_MuV3D/MuV3D_runs/3D_data/v4_tune_deepz_2026-09-13_192725/trials/trial_0033,0.0019566067494452,0.003933326806873083,0.0005687341908924282,0.0013677601236850023,0.029197249561548233,0.011517882347106934,0.012816101312637329,0.9013,3244.7,1.0
34,COMPLETE,0.17548919537252783,2026-09-13 23:05:37.674865,2026-09-13 23:43:49.373273,2291.698408,16,512,2,2.3759308878776677,0.9444777678470649,uniform,anisotropic_block,0.7008820192470258,7,0.2631539099031054,0.0005155195052727948,8,0.6355,0.17548919537252783,0.16514554985156524,0.1858328408934904,768.0,0.8187490417293292,0.6432598463568012,1.0252025821443325,30.0,18750.0,17154516.0,17154516.0,131.123,300000.0,76.26,8.1952,0.00135363033041358,170.72702026367188,6.346,6.984,16.0,0.0,0.0,0.0,0.004795217886567116,0.0016447568777948618,0.004191528540104628,0.5349574685096741,2.6236225494358223e-06,0.005311126820743084,0.005311126820743084,0.005612451117485762,179.5260009765625,/scratch/robertson/embl_MuV3D/MuV3D_runs/3D_data/v4_tune_deepz_2026-09-13_192725/trials/trial_0034,0.0050377086736261845,0.012527748011052608,0.0008507908787578344,0.0017345843371003866,0.029197249561548233,0.011517882347106934,0.012816101312637329,0.6355,2287.9,1.0
35,COMPLETE,0.17796089734598708,2026-09-13 23:08:57.213288,2026-09-14 00:03:32.753667,3275.540379,16,512,2,1.8770286854473337,0.8809167674561845,uniform,anisotropic_block,0.709457832840689,7,0.2382748666586289,0.0005602077214368746,7,0.9087,0.17796089734598708,0.16567399201666674,0.1902478026753074,768.0,0.8212207437027884,0.6432598463568012,1.0270048607238536,30.0,18750.0,17154516.0,17154516.0,91.703,300000.0,109.05,5.7315,0.0013528920244425535,130.3138427734375,6.302,6.822,16.0,0.0,0.0,0.0,0.004294991958886385,0.001458583283238113,0.003739071311429143,0.5349574685096741,2.6089023776876274e-06,0.005052434280514717,0.005052434280514717,0.005291571840643883,183.3534393310547,/scratch/robertson/embl_MuV3D/MuV3D_runs/3D_data/v4_tune_deepz_2026-09-13_192725/trials/trial_0035,0.004825702402740717,0.011978717520833015,0.0008148727938532829,0.001683513866737485,0.029197249561548233,0.011517882347106934,0.012816101312637329,0.9087,3271.4,1.0
36,COMPLETE,0.21567543515377366,2026-09-13 23:12:22.536225,2026-09-13 23:56:52.921917,2670.385692,16,512,2,1.860529159624763,0.8793208718125952,uniform,isotropic_disk,0.7062830321714008,12,0.26730079135573936,0.0004189560086548459,7,0.7405,0.21567543515377366,0.210939103200491,0.22041176710705634,768.0,0.858935281510575,0.6432598463568012,1.0312767418747988,30.0,18750.0,27658836.0,27658836.0,112.536,300000.0,88.86,7.0335,0.001398166990838945,136.61398315429688,8.78,9.24,16.0,0.0,0.0,0.0,0.002462453907355666,0.0010483323130756617,0.0019663928542286158,0.5349574685096741,1.9510894162522163e-06,0.0021831446792930365,0.0021831446792930365,0.002222654642537236,211.0677032470703,/scratch/robertson/embl_MuV3D/MuV3D_runs/3D_data/v4_tune_deepz_2026-09-13_192725/trials/trial_0036,0.0020573409274220467,0.004220837261527777,0.0005893330089747906,0.0013618530938401818,0.029197249561548233,0.011517882347106934,0.012816101312637329,0.7405,2665.8,1.0
37,COMPLETE,0.2157209467281279,2026-09-13 23:14:11.702888,2026-09-14 00:07:45.528990,3213.826102,16,512,2,1.852847849262952,0.8301036967274895,uniform,isotropic_disk,0.7060927934122125,12,0.3254353422554268,0.00039433621156797864,7,0.8914,0.2157209467281279,0.2105896144553151,0.22085227900094062,768.0,0.8589807930849291,0.6432598463568012,1.021584599986472,30.0,18750.0,27658836.0,27658836.0,93.488,300000.0,106.97,5.843,0.00142180104739964,151.2073516845703,8.78,9.236,16.0,0.0,0.0,0.0,0.003973179496824741,0.0009964110795408487,0.0036208953242748976,0.5349574685096741,1.836434421420563e-06,0.0023049567826092243,0.0023049567826092243,0.002373130526393652,208.18148803710938,/scratch/robertson/embl_MuV3D/MuV3D_runs/3D_data/v4_tune_deepz_2026-09-13_192725/trials/trial_0037,0.002160005969926715,0.004421429242938757,0.0006313057965599,0.001427283277735114,0.029197249561548233,0.011517882347106934,0.012816101312637329,0.8914,3209.0,1.0
38,COMPLETE,0.2107620047421911,2026-09-13 23:20:46.326262,2026-09-14 00:13:15.598339,3149.272077,16,512,2,1.8317501251462842,0.830637008779981,uniform,isotropic_disk,0.7005066511781777,12,0.32391400829629835,0.0004204900500480341,7,0.8733,0.2107620047421911,0.20488590464727133,0.21663810483711088,768.0,0.8540218510989924,0.6432598463568012,1.033946494263314,30.0,18750.0,27658836.0,27658836.0,95.427,300000.0,104.79,5.9642,0.001386552001349628,153.44482421875,8.84,9.623,16.0,0.0,0.0,0.0,0.006005281116813421,0.0016583040123805404,0.005627933889627457,0.5349574685096741,1.9582334971346427e-06,0.0032122295815497637,0.0032122295815497637,0.003363631200045347,212.5885009765625,/scratch/robertson/embl_MuV3D/MuV3D_runs/3D_data/v4_tune_deepz_2026-09-13_192725/trials/trial_0038,0.003075931454077363,0.007144251838326454,0.0006390510243363678,0.0014444917906075716,0.029197249561548233,0.011517882347106934,0.012816101312637329,0.8733,3143.8,1.0
39,COMPLETE,0.21515397158772456,2026-09-13 23:20:56.729885,2026-09-14 00:06:43.032159,2746.302274,16,512,2,1.8287533024226437,0.8310405160495007,uniform,isotropic_disk,0.7065664780955163,12,0.3026365313541374,0.0004037869405452981,8,0.7615,0.21515397158772456,0.20950707485422757,0.2208008683212216,768.0,0.8584138179445259,0.6432598463568012,1.032965519828623,30.0,18750.0,27658836.0,27658836.0,109.428,300000.0,91.38,6.8392,0.0014342200011014938,136.63792419433594,8.78,9.238,16.0,0.0,0.0,0.0,0.003057669848203659,0.0012556586880236864,0.0026776278391480446,0.5349574685096741,2.0549844066408696e-06,0.0021561775356531143,0.0021561775356531143,0.002243625931441784,208.71566772460938,/scratch/robertson/embl_MuV3D/MuV3D_runs/3D_data/v4_tune_deepz_2026-09-13_192725/trials/trial_0039,0.0020372276194393635,0.00418716948479414,0.0005793750169686973,0.0013451386475935578,0.029197249561548233,0.011517882347106934,0.012816101312637329,0.7615,2741.5,1.0
40,COMPLETE,0.2186133192749118,2026-09-13 23:43:04.612872,2026-09-14 01:11:59.769846,5335.156974,16,512,2,1.875566611779367,0.7920808054933423,uniform,isotropic_disk,0.7072863733657955,12,0.320709402037878,0.00043741823993211505,8,1.479,0.2186133192749118,0.21475847204786824,0.2224681665019553,768.0,0.861873165631713,0.6432598463568012,1.0317230235081973,30.0,18750.0,27658836.0,27658836.0,56.344,300000.0,177.48,3.5215,0.0030804509297013283,65.78699493408203,8.729,9.158,16.0,0.0,0.0,0.0,0.0031900249887257814,0.0011293728603050113,0.0027409500908106565,0.5349575281143188,2.2261435788095696e-06,0.002142326207831502,0.002142326207831502,0.0022257035598158836,212.1240997314453,/scratch/robertson/embl_MuV3D/MuV3D_runs/3D_data/v4_tune_deepz_2026-09-13_192725/trials/trial_0040,0.0020286492072045803,0.004158016759902239,0.000575501297134906,0.0013524278765544295,0.029197249561548233,0.011517881415784359,0.012816101312637329,1.479,5324.5,1.0
41,COMPLETE,0.21582559069900456,2026-09-13 23:43:49.381705,2026-09-14 00:28:42.485927,2693.104222,16,512,2,1.8829489430254487,0.7891844657967455,uniform,isotropic_disk,0.7110877882098005,12,0.32194231733561607,0.0003956553052424038,9,0.7467,0.21582559069900456,0.21037240865516704,0.22127877274284213,768.0,0.8590854370558058,0.6432598463568012,1.0328455006207906,30.0,18750.0,27658836.0,27658836.0,111.595,300000.0,89.61,6.9747,0.001339190173894167,138.7976837158203,8.765,9.287,16.0,0.0,0.0,0.0,0.0033801773097366095,0.0012504856567829847,0.0029722966719418764,0.5349574685096741,2.2095714484748896e-06,0.0021906441543251276,0.0021906441543251276,0.0022576069459319115,208.13003540039062,/scratch/robertson/embl_MuV3D/MuV3D_runs/3D_data/v4_tune_deepz_2026-09-13_192725/trials/trial_0041,0.002066553570330143,0.004248692654073238,0.0005864792037755251,0.001364489202387631,0.029197249561548233,0.011517882347106934,0.012816101312637329,0.7467,2688.3,1.0
42,COMPLETE,0.2182225135972732,2026-09-13 23:56:29.923769,2026-09-14 00:50:21.269357,3231.345588,16,512,2,1.8698631845507636,0.7897462234244828,uniform,isotropic_disk,0.7121321468173007,12,0.18636349632473473,0.0007128565739137286,6,0.8963,0.2182225135972732,0.2116725689143011,0.22477245828024528,768.0,0.8614823599540745,0.6432598463568012,1.0223461134749807,30.0,18750.0,27658836.0,27658836.0,92.976,300000.0,107.55,5.811,0.0014454619958996773,139.4614715576172,8.669,9.293,16.0,0.0,0.0,0.0,0.00232467008754611,0.000921180413570255,0.001773228170350194,0.5349574685096741,3.049293354706606e-06,0.00209606671705842,0.00209606671705842,0.0021610273979604244,242.61215209960938,/scratch/robertson/embl_MuV3D/MuV3D_runs/3D_data/v4_tune_deepz_2026-09-13_192725/trials/trial_0042,0.0019662994891405106,0.0039237975142896175,0.000589614559430629,0.0013854859862476587,0.029197249561548233,0.011517882347106934,0.012816101312637329,0.8963,3226.6,1.0
43,COMPLETE,0.20898125916334254,2026-09-14 00:03:32.762856,2026-09-14 00:57:21.797347,3229.034491,16,512,2,2.161748890119715,0.8312582742015153,redundancy,isotropic_disk,0.7371549580152634,13,0.19513450159503548,0.0003791938034702329,9,0.8884,0.20898125916334254,0.2006399622343149,0.2173225560923702,768.0,0.8522411055201439,0.6432598463568012,1.0456247182702791,30.0,18750.0,29759700.0,29759700.0,93.8,300000.0,106.61,5.8625,0.0014429809525609016,150.83131408691406,8.622,9.152,16.0,0.0,0.0,0.0,0.004334783647209406,0.0017079428071156144,0.003802790306508541,0.5349574685096741,2.117640633514384e-06,0.003265662118792534,0.003265662118792534,0.0034964464139193296,214.63760375976562,/scratch/robertson/embl_MuV3D/MuV3D_runs/3D_data/v4_tune_deepz_2026-09-13_192725/trials/trial_0043,0.0031889970414340496,0.007510144729167223,0.0006731635075993836,0.0013836822472512722,0.029197249561548233,0.011517882347106934,0.012816101312637329,0.8884,3198.3,1.0
44,COMPLETE,0.21003112500094492,2026-09-14 00:06:43.040565,2026-09-14 00:51:47.204043,2704.163478,16,512,2,2.1784523098948134,0.789627434788164,redundancy,anisotropic_disk,0.74190025308701,13,0.19023951291326016,0.0007769030873444782,9,0.744,0.21003112500094492,0.19711734829181782,0.22294490171007206,768.0,0.8532909713577462,0.6432598463568012,1.0418355443547713,30.0,18750.0,29759700.0,29759700.0,112.001,300000.0,89.28,7.0001,0.001595198642462492,138.5098419189453,8.605,9.172,16.0,0.0,0.0,0.0,0.002478297334164381,0.0011871122987940907,0.0019694676157087088,0.5349574685096741,4.338682629168034e-06,0.0025912648998200893,0.0025912648998200893,0.0025758096016943455,263.01788330078125,/scratch/robertson/embl_MuV3D/MuV3D_runs/3D_data/v4_tune_deepz_2026-09-13_192725/trials/trial_0044,0.002509833313524723,0.005491205025464296,0.000685260456521064,0.0013530350988730788,0.029197249561548233,0.011517882347106934,0.012816101312637329,0.744,2678.5,1.0
45,COMPLETE,0.2137114831972262,2026-09-14 00:07:45.537673,2026-09-14 01:02:17.684366,3272.146693,16,512,2,2.1731195455903713,0.7967701193084895,redundancy,anisotropic_disk,0.7363903776501498,13,0.5176327974986225,0.0007550769921747717,9,0.9008,0.2137114831972262,0.20027186651461382,0.22715109987983859,768.0,0.8569713295540274,0.6432598463568012,1.06253959641339,30.0,18750.0,29759700.0,29759700.0,92.514,300000.0,108.09,5.7821,0.0014213219983503222,132.5203857421875,8.627,9.523,16.0,0.0,0.0,0.0,0.002409225096926093,0.001275325776077807,0.0017089546890929341,0.5349574685096741,4.2167930587311275e-06,0.002567722462117672,0.002567722462117672,0.0027585504576563835,259.2589111328125,/scratch/robertson/embl_MuV3D/MuV3D_runs/3D_data/v4_tune_deepz_2026-09-13_192725/trials/trial_0045,0.002673513488844037,0.006012382451444864,0.0006734122289344668,0.0013347459025681019,0.029197249561548233,0.011517882347106934,0.012816101312637329,0.9008,3242.8,1.0
46,COMPLETE,0.2075773384168598,2026-09-14 00:13:15.607247,2026-09-14 01:07:40.439222,3264.831975,16,512,2,2.1715256499020628,0.7949423277153947,redundancy,anisotropic_disk,0.7379399345723429,13,0.1928729530752507,0.0006966224940651424,9,0.8983,0.2075773384168598,0.18992644509662324,0.22522823173709638,768.0,0.8508371847736611,0.6432598463568012,1.0441935622824599,30.0,18750.0,29759700.0,29759700.0,92.771,300000.0,107.79,5.7982,0.0015200009802356362,135.23500061035156,8.62,9.152,16.0,0.0,0.0,0.0,0.002297429135069251,0.0011722943745553493,0.0017281658947467804,0.5349574685096741,3.890349034918472e-06,0.0025651617906987667,0.0025651617906987667,0.0026733470149338245,251.3934783935547,/scratch/robertson/embl_MuV3D/MuV3D_runs/3D_data/v4_tune_deepz_2026-09-13_192725/trials/trial_0046,0.002550897654145956,0.005630220752209425,0.0006766488077118993,0.0013458249159157276,0.029197249561548233,0.011517882347106934,0.012816101312637329,0.8983,3233.8,1.0
47,COMPLETE,0.19449832983878154,2026-09-14 00:28:42.495444,2026-09-14 01:11:13.769583,2551.274139,16,512,2,2.199665580842161,0.869135729752337,redundancy,anisotropic_disk,0.7399605596680923,11,0.20714834573141472,0.000711101379228913,6,0.702,0.19449832983878154,0.17560878735875626,0.21338787231880682,768.0,0.8377581761955829,0.6432598463568012,1.0580494245690146,30.0,18750.0,25557972.0,25557972.0,118.703,300000.0,84.24,7.419,0.0013927198015153408,143.99290466308594,7.729,8.268,16.0,0.0,0.0,0.0,0.006975776981562376,0.0016027328092604876,0.0067105419002473354,0.5349574685096741,3.0417854759434704e-06,0.0031821627635508776,0.0031821627635508776,0.003315294859930873,239.1882781982422,/scratch/robertson/embl_MuV3D/MuV3D_runs/3D_data/v4_tune_deepz_2026-09-13_192725/trials/trial_0047,0.0032376849558204412,0.007671588100492954,0.000697135110385716,0.0013443309580907226,0.029197249561548233,0.011517882347106934,0.012816101312637329,0.702,2527.3,1.0
48,COMPLETE,0.21524718406116725,2026-09-14 00:50:21.279031,2026-09-14 01:42:12.960068,3111.681037,16,512,2,2.1762384009821885,0.8695463733278772,redundancy,anisotropic_disk,0.6912085788424096,11,0.2005331675540175,0.000748302183517812,6,0.8556,0.21524718406116725,0.2030663900874604,0.2274279780348741,768.0,0.8585070304179685,0.6432598463568012,1.0281065348911034,30.0,18750.0,25557972.0,25557972.0,97.395,300000.0,102.68,6.0872,0.0014189910143613815,128.90403747558594,8.543,9.098,16.0,0.0,0.0,0.0,0.001801979378797114,0.0010037109022960067,0.0012969122035428882,0.5349574685096741,3.2009145343181444e-06,0.0025243123527616262,0.0025243123527616262,0.00266528083011508,241.89938354492188,/scratch/robertson/embl_MuV3D/MuV3D_runs/3D_data/v4_tune_deepz_2026-09-13_192725/trials/trial_0048,0.0024401601403951645,0.005317180883139372,0.0006396103999577463,0.001363690011203289,0.029197249561548233,0.011517882347106934,0.012816101312637329,0.8556,3080.3,1.0
49,COMPLETE,0.22352021452668638,2026-09-14 00:57:21.806930,2026-09-14 01:45:20.410500,2878.60357,16,512,2,2.375181841459888,0.8707900449151592,uniform,isotropic_disk,0.6941407891774514,11,0.4971251267239375,0.0006511958184461168,6,0.7983,0.22352021452668638,0.21504345223597532,0.23199697681739742,768.0,0.8667800608834876,0.6432598463568012,1.0162227214647763,30.0,18750.0,25557972.0,25557972.0,104.383,300000.0,95.8,6.5239,0.0014002820244058967,161.03668212890625,8.523,9.07,16.0,0.0,0.0,0.0,0.002844615373760462,0.001303147291764617,0.002337607555091381,0.5349574685096741,2.785535343718948e-06,0.0027742430102080107,0.0027742430102080107,0.0028817341662943363,230.46290588378906,/scratch/robertson/embl_MuV3D/MuV3D_runs/3D_data/v4_tune_deepz_2026-09-13_192725/trials/trial_0049,0.00262559880502522,0.005797293037176132,0.0006549425306729972,0.0014245593920350075,0.029197249561548233,0.011517882347106934,0.012816101312637329,0.7983,2874.0,1.0
50,COMPLETE,0.2227810356364783,2026-09-14 01:02:17.693851,2026-09-14 02:11:55.274772,4177.580921,16,768,2,2.3714820026655663,0.8664367581696932,uniform,isotropic_disk,0.6919329946806121,11,0.10475732345273761,0.0006612824006132558,6,1.1589,0.2227810356364783,0.21542733047453946,0.2301347407984171,768.0,0.8660408819932796,0.6432598463568012,1.0245707440173801,30.0,18750.0,54897300.0,54897300.0,71.91,300000.0,139.06,4.4943,0.0014144619926810265,81.74446868896484,11.642,12.248,16.0,0.0,0.0,0.0,0.002252209233120084,0.0011217397404834628,0.001825448707677424,0.5349574685096741,2.8286813176237047e-06,0.0028262746054679155,0.0028262746054679155,0.0029522161930799484,294.038330078125,/scratch/robertson/embl_MuV3D/MuV3D_runs/3D_data/v4_tune_deepz_2026-09-13_192725/trials/trial_0050,0.002675640396773815,0.005912852007895708,0.0006553880521096289,0.0014586820034310222,0.029197249561548233,0.011517882347106934,0.012816101312637329,1.1589,4171.9,1.0
51,COMPLETE,0.22030639204602875,2026-09-14 01:07:40.447755,2026-09-14 02:16:29.092504,4128.644749,16,768,2,2.378692134398386,0.8710559696196847,uniform,isotropic_disk,0.693315367812559,11,0.4368801545309684,0.00027783594460302946,6,1.1451,0.22030639204602875,0.214530702476566,0.2260820816154915,768.0,0.86356623840283,0.6432598463568012,1.033630092103105,30.0,18750.0,54897300.0,54897300.0,72.773,300000.0,137.41,4.5483,0.0013885319931432605,81.31993865966797,11.638,12.018,16.0,0.0,0.0,0.0,0.0031289029866456985,0.000972834590356797,0.0027207445818930864,0.5349574685096741,1.1884625337188481e-06,0.0029150121845304966,0.0029150121845304966,0.003103058785200119,236.99267578125,/scratch/robertson/embl_MuV3D/MuV3D_runs/3D_data/v4_tune_deepz_2026-09-13_192725/trials/trial_0051,0.0027764560654759407,0.006264345720410347,0.0006407388136722147,0.0014242836041375995,0.029197249561548233,0.011517882347106934,0.012816101312637329,1.1451,4122.4,1.0
52,COMPLETE,0.21775003923897593,2026-09-14 01:11:13.777379,2026-09-14 02:23:13.337079,4319.5597,8,768,2,2.4060664159242906,0.9213747095952959,uniform,isotropic_disk,0.6944537172916639,10,0.10365146664157676,0.0003007423350196749,6,1.1984,0.21775003923897593,0.21242745380353398,0.22307262467441782,768.0,0.8610098855957772,0.6432598463568012,1.0225303526927036,30.0,37500.0,50173140.0,50173140.0,69.536,300000.0,143.81,8.692,0.0010789423249661922,80.3577651977539,5.915,6.146,8.0,0.0,0.0,0.0,0.009440611116588116,0.0018655331805348396,0.00922512449324131,0.5378206372261047,1.2864461496064905e-06,0.003017928684130311,0.003017928684130311,0.0034300999250262976,259.7910461425781,/scratch/robertson/embl_MuV3D/MuV3D_runs/3D_data/v4_tune_deepz_2026-09-13_192725/trials/trial_0052,0.002876181388273835,0.006577714346349239,0.0006288533913902938,0.0014219761360436678,0.029001304879784584,0.011413735337555408,0.012696273624897003,1.1984,4314.3,1.0
53,COMPLETE,0.21915431463727245,2026-09-14 01:11:59.779762,2026-09-14 03:31:14.418822,8354.63906,8,768,2,2.3874451418336564,0.9228540826823479,uniform,isotropic_disk,0.6938870231403556,10,0.40376684731980816,0.00029710616985329863,6,2.3177,0.21915431463727245,0.2150240423897094,0.22328458688483552,768.0,0.8624141609940738,0.6432598463568012,1.0209612006814837,30.0,37500.0,50173140.0,50173140.0,35.955,300000.0,278.13,4.4944,0.0019818441942334175,38.17403793334961,5.873,6.098,8.0,0.0,0.0,0.0,0.0053854696452617645,0.0024425406008958817,0.004693699534982443,0.5378206372261047,1.2708921985904453e-06,0.00298463087528944,0.00298463087528944,0.0034093332942575216,256.7663879394531,/scratch/robertson/embl_MuV3D/MuV3D_runs/3D_data/v4_tune_deepz_2026-09-13_192725/trials/trial_0053,0.002844872884452343,0.006483202800154686,0.0006239415379241109,0.0014274726854637265,0.029001304879784584,0.011413735337555408,0.012696274556219578,2.3177,8343.8,1.0
54,COMPLETE,0.22464443345914045,2026-09-14 01:42:12.968465,2026-09-14 02:54:06.748245,4313.77978,8,768,2,2.3909335139011914,0.9260926890411612,uniform,isotropic_disk,0.6949017344996712,10,0.10796826345881219,0.0001517140515629499,5,1.1967,0.22464443345914045,0.2194210166974092,0.22986785022087172,768.0,0.8679042798159418,0.6432598463568012,1.0346120668176058,30.0,37500.0,50173140.0,50173140.0,69.635,300000.0,143.61,8.7044,0.0010887839598581195,80.06444549560547,5.915,6.146,8.0,0.0,0.0,0.0,0.005460312124341726,0.0013946681283414364,0.005105973687022924,0.5378206372261047,5.981552817502234e-07,0.0028240049723535776,0.0028240049723535776,0.003241270547732711,224.13717651367188,/scratch/robertson/embl_MuV3D/MuV3D_runs/3D_data/v4_tune_deepz_2026-09-13_192725/trials/trial_0054,0.002686603693291545,0.006025452166795731,0.0006230172584764659,0.0014113399665802717,0.029001304879784584,0.011413735337555408,0.012696273624897003,1.1967,4308.2,1.0
55,COMPLETE,0.17867341455959915,2026-09-14 01:45:20.418895,2026-09-14 03:01:42.424380,4582.005485,8,768,2,2.387099487348494,0.9223962906528267,uniform,anisotropic_block,0.7186441015381914,10,0.390722951702037,0.0002897666076196243,5,1.2712,0.17867341455959915,0.16726441024672137,0.1900824188724769,768.0,0.8219332609164004,0.6432598463568012,1.0339302228622183,30.0,37500.0,50173140.0,50173140.0,65.553,300000.0,152.55,8.1941,0.001058703986927867,78.19871520996094,5.666,5.912,8.0,0.0,0.0,0.0,0.0055371676571667194,0.0018242381047457457,0.004706942476332188,0.5378206372261047,1.1424481272115372e-06,0.005316626746207476,0.005316626746207476,0.0060996972024440765,246.83056640625,/scratch/robertson/embl_MuV3D/MuV3D_runs/3D_data/v4_tune_deepz_2026-09-13_192725/trials/trial_0055,0.005040410440415144,0.0125733008608222,0.00083076924784109,0.0017171615036204457,0.029001304879784584,0.011413735337555408,0.012696273624897003,1.2712,4576.4,1.0
56,COMPLETE,0.21814475537393727,2026-09-14 02:11:55.282951,2026-09-14 03:24:21.758028,4346.475077,8,768,2,2.3897303057052635,0.8434194878143011,uniform,isotropic_disk,0.6804410169565955,10,0.37449129754168786,0.00031037289663757165,5,1.2059,0.21814475537393727,0.21294088623700666,0.22334862451086782,768.0,0.8614046017307385,0.6432598463568012,1.0356030583896128,30.0,37500.0,50173140.0,50173140.0,69.106,300000.0,144.71,8.6382,0.0010735540417954326,78.53266906738281,6.117,6.377,8.0,0.0,0.0,0.0,0.003081421833485365,0.0016892419662326574,0.002457326976582408,0.5378206372261047,1.2236914699315093e-06,0.0028945445083081722,0.0028945445083081722,0.0032421366777271032,261.953125,/scratch/robertson/embl_MuV3D/MuV3D_runs/3D_data/v4_tune_deepz_2026-09-13_192725/trials/trial_0056,0.002764203352853656,0.006253317464143038,0.0006179386982694268,0.0014213516842573881,0.029001304879784584,0.011413735337555408,0.012696273624897003,1.2059,4341.2,1.0
57,COMPLETE,0.21234450171685726,2026-09-14 02:16:29.101073,2026-09-14 03:31:13.180870,4484.079797,8,768,2,2.3798602965493454,0.8427578114809786,uniform,isotropic_disk,0.719074716424162,10,0.8889430935946113,0.0006202971619064951,5,1.2441,0.21234450171685726,0.20018418268637148,0.22450482074734304,768.0,0.8556043480736585,0.6432598463568012,1.0199488869634945,30.0,37500.0,50173140.0,50173140.0,66.981,300000.0,149.3,8.3727,0.0012006129836663604,79.22881317138672,5.666,5.912,8.0,0.0,0.0,0.0,0.0020220486912876368,0.001276202965527773,0.001303554978221655,0.5378206372261047,2.445614200041746e-06,0.002188941230997443,0.002188941230997443,0.002265521790832281,334.50341796875,/scratch/robertson/embl_MuV3D/MuV3D_runs/3D_data/v4_tune_deepz_2026-09-13_192725/trials/trial_0057,0.0020653523970395327,0.004229946527630091,0.0005842667305842042,0.0013818456791341305,0.029001304879784584,0.011413735337555408,0.012696273624897003,1.2441,4478.9,1.0
58,COMPLETE,0.22099829589895595,2026-09-14 02:23:13.345228,2026-09-14 03:27:25.211736,3851.866508,16,768,2,2.3515443669513387,0.8413580495087626,uniform,isotropic_disk,0.6803627371540071,10,0.36637156110064606,0.0006384024187102304,5,1.0685,0.22099829589895595,0.2138796222802847,0.2281169695176272,768.0,0.8642581422557573,0.6432598463568012,1.0321014569753186,30.0,18750.0,50173140.0,50173140.0,77.99,300000.0,128.22,4.8744,0.00141629995778203,85.22889709472656,11.205,11.559,16.0,0.0,0.0,0.0,0.002251293510198593,0.001278124051168561,0.0017041611718013883,0.5349574685096741,2.516996801205096e-06,0.0028014511335641146,0.0028014511335641146,0.00290506100282073,278.19635009765625,/scratch/robertson/embl_MuV3D/MuV3D_runs/3D_data/v4_tune_deepz_2026-09-13_192725/trials/trial_0058,0.002656499622389674,0.0058637959882617,0.0006490027881227434,0.001456700498238206,0.029197249561548233,0.011517882347106934,0.012816101312637329,1.0685,3846.7,1.0
59,COMPLETE,0.21021575412936055,2026-09-14 03:31:14.427786,2026-09-14 04:56:40.046762,5125.618976,8,384,2,2.482350716695118,0.9064456095037936,uniform,isotropic_disk,0.7283434428634538,9,0.15737557580510214,0.00015096203914909405,4,1.4215,0.21021575412936055,0.2021161503923503,0.21831535786637077,768.0,0.8534756004861618,0.6432598463568012,1.031348086457884,30.0,37500.0,12848820.0,12848820.0,58.622,300000.0,170.58,7.3277,0.0019463840872049332,82.0175552368164,2.966,3.326,8.0,0.0,0.0,0.0,0.00553541537374258,0.0019779771100729704,0.005053692497313023,0.5378206372261047,5.503416105057113e-07,0.00254826620221138,0.00254826620221138,0.0028318155091255903,155.5709991455078,/scratch/robertson/embl_MuV3D/MuV3D_runs/3D_data/v4_tune_deepz_2026-09-13_192725/trials/trial_0059,0.002419830998405814,0.005261495243757963,0.0005948161706328392,0.0014031800674274564,0.029001304879784584,0.011413735337555408,0.012696274556219578,1.4215,5117.5,1.0
60,COMPLETE,0.1823240774888487,2026-09-14 04:56:40.055497,2026-09-14 08:01:03.313151,11063.257654,8,768,2,2.4476698981204565,0.936083583685423,uniform,isotropic_disk,0.6877017228324134,14,0.124351561200948,2.3919117296425034e-05,4,3.0693,0.1823240774888487,0.16878148332348153,0.1958666716542159,768.0,0.82558392384565,0.6432598463568012,1.0513431410216647,30.0,37500.0,69069780.0,69069780.0,27.151,300000.0,368.31,3.3938,0.0018701637163758278,28.947376251220703,7.626,8.111,8.0,0.0,0.0,0.0,0.013029493391513824,0.007910478860139847,0.010089166462421417,0.5378206372261047,8.719865007833505e-08,0.003661735914647579,0.003661735914647579,0.004260917194187641,242.16868591308594,/scratch/robertson/embl_MuV3D/MuV3D_runs/3D_data/v4_tune_deepz_2026-09-13_192725/trials/trial_0060,0.0035094900522381067,0.008327632211148739,0.0006933101103641093,0.0015075288247317076,0.029001304879784584,0.011413735337555408,0.012696274556219578,3.0693,11049.4,1.0
61,COMPLETE,0.16953193975234004,2026-09-14 08:01:03.322590,2026-09-14 09:46:35.331836,6332.009246,16,768,4,2.228555327134874,0.8927610333884386,uniform,isotropic_disk,0.7158346897846952,11,0.1575941170835327,0.0009048981859715864,2,1.7554,0.16953193975234004,0.14710006552390809,0.19196381398077203,768.0,0.8127917861091413,0.6432598463568012,1.0283487226953234,30.0,18750.0,54896154.0,54896154.0,47.472,300000.0,210.65,2.967,0.002805091440677643,54.694393157958984,10.467,10.82,16.0,0.0,0.0,0.0,0.004385638516396284,0.0012697468046098948,0.004060755949467421,0.5349575281143188,2.84490488411393e-06,0.003141126362606883,0.003141126362606883,0.0032223835587501526,263.369384765625,/scratch/robertson/embl_MuV3D/MuV3D_runs/3D_data/v4_tune_deepz_2026-09-13_192725/trials/trial_0061,0.0029608875047415495,0.006595646031200886,0.0007656086818315089,0.0015214069280773401,0.029197249561548233,0.011517881415784359,0.012816101312637329,1.7554,6319.5,1.0
62,COMPLETE,0.19448135650910078,2026-09-14 09:46:35.342298,2026-09-14 10:51:02.462026,3867.119728,16,384,4,2.125107104858393,0.8224362369608863,uniform,isotropic_disk,0.6995184805528739,11,0.10051688780303303,7.09726357790414e-05,2,1.0715,0.19448135650910078,0.17758616870193147,0.2113765443162701,768.0,0.837741202865902,0.6432598463568012,1.030729223391175,30.0,18750.0,15213066.0,15213066.0,77.773,300000.0,128.58,4.8608,0.0027639511972665787,101.45652770996094,6.257,6.711,16.0,0.0,0.0,0.0,0.010581967420876026,0.005541112273931503,0.008845155127346516,0.5349575281143188,2.2313051317723875e-07,0.0033522178418934345,0.0033522178418934345,0.003529982641339302,162.72747802734375,/scratch/robertson/embl_MuV3D/MuV3D_runs/3D_data/v4_tune_deepz_2026-09-13_192725/trials/trial_0062,0.003189605660736561,0.007359572220593691,0.0006846924661658704,0.0015245515387505293,0.029197249561548233,0.011517881415784359,0.012816101312637329,1.0715,3857.4,1.0
63,COMPLETE,0.22890933548756806,2026-09-14 10:51:02.472670,2026-09-14 12:21:46.603910,5444.13124,16,768,4,2.317008968884105,0.8519428550093127,uniform,isotropic_disk,0.687622203128051,9,0.831669639448592,0.0008672087775136818,8,1.5093,0.22890933548756806,0.22104013952782656,0.2367785314473095,768.0,0.8721691818443693,0.6432598463568012,1.0244541329921861,30.0,18750.0,45448026.0,45448026.0,55.213,300000.0,181.12,3.4508,0.0029506199061870575,63.89429473876953,9.618,10.055,16.0,0.0,0.0,0.0,0.0019045919179916382,0.001116042141802609,0.0010552826570346951,0.5349575281143188,4.413467650010716e-06,0.002635092241689563,0.002635092241689563,0.002773985266685486,302.7389221191406,/scratch/robertson/embl_MuV3D/MuV3D_runs/3D_data/v4_tune_deepz_2026-09-13_192725/trials/trial_0063,0.0025002455804497004,0.005441769957542419,0.0006265552365221083,0.0014324102085083723,0.029197249561548233,0.011517881415784359,0.012816101312637329,1.5093,5433.5,1.0
